

----------Accessibility-----------


----------AdaptiveDisplayBrightness-----------


----------AeDebug-----------
Debugger	"C:\WINDOWS\system32\vsjitdebugger.exe" -p %ld -e %ld


----------AppCompatFlags-----------
MirrorCompatBinaryExtension	%SystemRoot%\System32\MirrorDrvCompat.dll


----------ASR-----------
OfflineDriverInjectionExtension	drvstore.dll,DriverStoreOfflineAddDriverPackageW


----------BackgroundModel-----------


----------BootMgr-----------


----------Compatibility32-----------
winword	0x80000000


----------DeviceDisplayObjects-----------
DeviceStatusPropertyDescriptionList	prop:System.Devices.Status;System.PrintStatus.ErrorStatus;System.PrintStatus.WarningStatus;System.PrintStatus.DocumentCount;System.PrintStatus.InfoStatus;System.PrintStatus.Preferences;System.ScanStatus.Profile;System.PrintStatus.Location;System.PrintStatus.Comment;System.Devices.Connected


----------drivers.desc-----------
C:\Windows\SysWOW64\l3codeca.acm	Fraunhofer IIS MPEG Layer-3 Codec
bdmjpeg.dll	Bandi Motion Jpeg
bdmpegv.dll	Bandi MPEG-1 Video
bdmpega.acm	Bandi MPEG-1 Audio


----------Drivers32-----------
aux	wdmaud.drv
midi	wdmaud.drv
midimapper	midimap.dll
mixer	wdmaud.drv
msacm.imaadpcm	imaadp32.acm
msacm.msadpcm	msadp32.acm
msacm.msg711	msg711.acm
msacm.msgsm610	msgsm32.acm
vidc.cvid	iccvid.dll
vidc.i420	iyuv_32.dll
vidc.iyuv	iyuv_32.dll
vidc.mrle	msrle32.dll
vidc.msvc	msvidc32.dll
vidc.uyvy	msyuv.dll
vidc.yuy2	msyuv.dll
vidc.yvu9	tsbyuv.dll
vidc.yvyu	msyuv.dll
wave	wdmaud.drv
wavemapper	msacm32.drv
msacm.l3acm	C:\Windows\SysWOW64\l3codeca.acm
vidc.mjpg	bdmjpeg.dll
vidc.mpeg	bdmpegv.dll
msacm.bdmpeg	bdmpega.acm


----------EFS-----------


----------Event Viewer-----------
MicrosoftRedirectionProgram	
MicrosoftRedirectionProgramCommandLineParameters	
MicrosoftRedirectionURL	http://go.microsoft.com/fwlink/events.asp


----------Font Drivers-----------
Adobe Type Manager	atmfd.dll


----------ICM-----------


----------IniFileMapping-----------


----------KnownFunctionTableDlls-----------


----------KnownManagedDebuggingDlls-----------


----------LicensingDiag-----------
SppDesktopGather	%windir%\system32\LicensingDiagSpp.dll


----------MCI Extensions-----------
3g2	MPEGVideo
3gp	MPEGVideo
3gp2	MPEGVideo
3gpp	MPEGVideo
aac	MPEGVideo
adt	MPEGVideo
adts	MPEGVideo
aif	MPEGVideo
aifc	MPEGVideo
aiff	MPEGVideo
asf	MPEGVideo
asx	MPEGVideo
au	MPEGVideo
avi	avivideo
cda	CDAudio
dat	MPEGVideo
ivf	MPEGVideo
m1v	MPEGVideo
m2t	MPEGVideo
m2ts	MPEGVideo
m2v	MPEGVideo
m3u	MPEGVideo
m4a	MPEGVideo
m4v	MPEGVideo
Mid	Sequencer
mod	MPEGVideo
mov	MPEGVideo
mp2	MPEGVideo
mp2v	MPEGVideo
mp3	MPEGVideo
mp4	MPEGVideo
mp4v	MPEGVideo
mpa	MPEGVideo
mpe	MPEGVideo
mpeg	MPEGVideo
mpg	MPEGVideo
mpv2	MPEGVideo
mts	MPEGVideo
rmi	Sequencer
snd	MPEGVideo
ts	MPEGVideo
tts	MPEGVideo
Wav	WaveAudio
wax	MPEGVideo
wm	MPEGVideo
wma	MPEGVideo
wmv	MPEGVideo
wmx	MPEGVideo
wpl	MPEGVideo
wvx	MPEGVideo


----------MCI32-----------
AVIVideo	mciavi32.dll
CDAudio	mcicda.dll
MPEGVideo	mciqtz32.dll
Sequencer	mciseq.dll
WaveAudio	mciwave.dll


----------MiniDumpAuxiliaryDlls-----------
C:\Windows\system32\mrt100.dll	C:\Windows\SysWOW64\mrt_map.dll
C:\Windows\system32\jscript9.dll	C:\Windows\SysWOW64\jscript9diag.dll
C:\Windows\system32\Chakra.dll	C:\Windows\SysWOW64\Chakradiag.dll
C:\Windows\Microsoft.NET\Framework\v4.0.30319\clr.dll	C:\Windows\Microsoft.NET\Framework\v4.0.30319\mscordacwks.dll
C:\Windows\Microsoft.NET\Framework\v2.0.50727\mscorwks.dll	C:\Windows\Microsoft.NET\Framework\v2.0.50727\mscordacwks.dll


----------NetworkList-----------


----------NoImeModeImes-----------


----------NowPlayingSessionManager-----------
LocalProvider	{2C786341-0E36-4BE8-AA51-524CC1F2AE15}
RegistrarHost	C:\Windows\explorer.exe


----------NtVdm64-----------


----------OEM-----------


----------OpenGLDrivers-----------


----------PeerNet-----------


----------PerHwIdStorage-----------


----------ProfileNotification-----------


----------Schedule-----------


----------SecEdit-----------
DefaultTemplate	C:\Windows\Inf\secrecs.inf


----------SoftwareProtectionPlatform-----------
AuthorizedContainers	Microsoft.Office.*_8wekyb3d8bbwe


----------SRUM-----------


----------Svchost-----------


----------TokenBroker-----------


----------Tracing-----------


----------UnattendSettings-----------


----------Update-----------


----------VersionsList-----------


----------Virtualization-----------


----------WbemPerf-----------


----------Windows-----------
	mnmsrvc
AppInit_DLLs	
DeviceNotSelectedTimeout	15
IconServiceLib	IconCodecService.dll
NaturalInputHandler	Ninput.dll
Spooler	yes
TransmissionRetryTimeout	90


----------Winlogon-----------
DefaultDomainName	
DefaultUserName	
PreCreateKnownFolders	{A520A1A4-1780-4FF6-BD18-167343C5AF16}
Shell	explorer.exe


----------WUDF-----------


----------Console-----------


----------Containers-----------


----------FontDPI-----------


----------FontLink-----------


----------FontMapper-----------


----------Fonts-----------
Arial (TrueType)	arial.ttf
Arial Black (TrueType)	ariblk.ttf
Arial Bold (TrueType)	arialbd.ttf
Arial Bold Italic (TrueType)	arialbi.ttf
Arial Italic (TrueType)	ariali.ttf
Bahnschrift (TrueType)	bahnschrift.ttf
Calibri (TrueType)	calibri.ttf
Calibri Bold (TrueType)	calibrib.ttf
Calibri Bold Italic (TrueType)	calibriz.ttf
Calibri Italic (TrueType)	calibrii.ttf
Calibri Light (TrueType)	calibril.ttf
Calibri Light Italic (TrueType)	calibrili.ttf
Cambria & Cambria Math (TrueType)	cambria.ttc
Cambria Bold (TrueType)	cambriab.ttf
Cambria Bold Italic (TrueType)	cambriaz.ttf
Cambria Italic (TrueType)	cambriai.ttf
Candara (TrueType)	candara.ttf
Candara Bold (TrueType)	candarab.ttf
Candara Bold Italic (TrueType)	candaraz.ttf
Candara Italic (TrueType)	candarai.ttf
Candara Light (TrueType)	candaral.ttf
Candara Light Italic (TrueType)	candarali.ttf
Comic Sans MS (TrueType)	comic.ttf
Comic Sans MS Bold (TrueType)	comicbd.ttf
Comic Sans MS Bold Italic (TrueType)	comicz.ttf
Comic Sans MS Italic (TrueType)	comici.ttf
Consolas (TrueType)	consola.ttf
Consolas Bold (TrueType)	consolab.ttf
Consolas Bold Italic (TrueType)	consolaz.ttf
Consolas Italic (TrueType)	consolai.ttf
Constantia (TrueType)	constan.ttf
Constantia Bold (TrueType)	constanb.ttf
Constantia Bold Italic (TrueType)	constanz.ttf
Constantia Italic (TrueType)	constani.ttf
Corbel (TrueType)	corbel.ttf
Corbel Bold (TrueType)	corbelb.ttf
Corbel Bold Italic (TrueType)	corbelz.ttf
Corbel Italic (TrueType)	corbeli.ttf
Corbel Light (TrueType)	corbell.ttf
Corbel Light Italic (TrueType)	corbelli.ttf
Courier New (TrueType)	cour.ttf
Courier New Bold (TrueType)	courbd.ttf
Courier New Bold Italic (TrueType)	courbi.ttf
Courier New Italic (TrueType)	couri.ttf
Ebrima (TrueType)	ebrima.ttf
Ebrima Bold (TrueType)	ebrimabd.ttf
Franklin Gothic Medium (TrueType)	framd.ttf
Franklin Gothic Medium Italic (TrueType)	framdit.ttf
Gabriola (TrueType)	Gabriola.ttf
Gadugi (TrueType)	gadugi.ttf
Gadugi Bold (TrueType)	gadugib.ttf
Georgia (TrueType)	georgia.ttf
Georgia Bold (TrueType)	georgiab.ttf
Georgia Bold Italic (TrueType)	georgiaz.ttf
Georgia Italic (TrueType)	georgiai.ttf
Impact (TrueType)	impact.ttf
Ink Free (TrueType)	Inkfree.ttf
Javanese Text (TrueType)	javatext.ttf
Leelawadee UI (TrueType)	leelawui.ttf
Leelawadee UI Bold (TrueType)	leelauib.ttf
Leelawadee UI Semilight (TrueType)	leeluisl.ttf
Lucida Console (TrueType)	lucon.TTF
Lucida Sans Unicode (TrueType)	l_10646.ttf
Malgun Gothic (TrueType)	malgun.ttf
Malgun Gothic Bold (TrueType)	malgunbd.ttf
Malgun Gothic SemiLight (TrueType)	malgunsl.ttf
Microsoft Himalaya (TrueType)	himalaya.ttf
Microsoft JhengHei & Microsoft JhengHei UI (TrueType)	msjh.ttc
Microsoft JhengHei Bold & Microsoft JhengHei UI Bold (TrueType)	msjhbd.ttc
Microsoft JhengHei Light & Microsoft JhengHei UI Light (TrueType)	msjhl.ttc
Microsoft New Tai Lue (TrueType)	ntailu.ttf
Microsoft New Tai Lue Bold (TrueType)	ntailub.ttf
Microsoft PhagsPa (TrueType)	phagspa.ttf
Microsoft PhagsPa Bold (TrueType)	phagspab.ttf
Microsoft Sans Serif (TrueType)	micross.ttf
Microsoft Tai Le (TrueType)	taile.ttf
Microsoft Tai Le Bold (TrueType)	taileb.ttf
Microsoft YaHei & Microsoft YaHei UI (TrueType)	msyh.ttc
Microsoft YaHei Bold & Microsoft YaHei UI Bold (TrueType)	msyhbd.ttc
Microsoft YaHei Light & Microsoft YaHei UI Light (TrueType)	msyhl.ttc
Microsoft Yi Baiti (TrueType)	msyi.ttf
MingLiU-ExtB & PMingLiU-ExtB & MingLiU_HKSCS-ExtB (TrueType)	mingliub.ttc
Modern (All res)	modern.fon
Mongolian Baiti (TrueType)	monbaiti.ttf
MS Gothic & MS UI Gothic & MS PGothic (TrueType)	msgothic.ttc
MV Boli (TrueType)	mvboli.ttf
Myanmar Text (TrueType)	mmrtext.ttf
Myanmar Text Bold (TrueType)	mmrtextb.ttf
Nirmala UI (TrueType)	Nirmala.ttf
Nirmala UI Bold (TrueType)	NirmalaB.ttf
Nirmala UI Semilight (TrueType)	NirmalaS.ttf
Palatino Linotype (TrueType)	pala.ttf
Palatino Linotype Bold (TrueType)	palab.ttf
Palatino Linotype Bold Italic (TrueType)	palabi.ttf
Palatino Linotype Italic (TrueType)	palai.ttf
Roman (All res)	roman.fon
Script (All res)	script.fon
Segoe MDL2 Assets (TrueType)	segmdl2.ttf
Segoe Print (TrueType)	segoepr.ttf
Segoe Print Bold (TrueType)	segoeprb.ttf
Segoe Script (TrueType)	segoesc.ttf
Segoe Script Bold (TrueType)	segoescb.ttf
Segoe UI (TrueType)	segoeui.ttf
Segoe UI Black (TrueType)	seguibl.ttf
Segoe UI Black Italic (TrueType)	seguibli.ttf
Segoe UI Bold (TrueType)	segoeuib.ttf
Segoe UI Bold Italic (TrueType)	segoeuiz.ttf
Segoe UI Emoji (TrueType)	seguiemj.ttf
Segoe UI Historic (TrueType)	seguihis.ttf
Segoe UI Italic (TrueType)	segoeuii.ttf
Segoe UI Light (TrueType)	segoeuil.ttf
Segoe UI Light Italic (TrueType)	seguili.ttf
Segoe UI Semibold (TrueType)	seguisb.ttf
Segoe UI Semibold Italic (TrueType)	seguisbi.ttf
Segoe UI Semilight (TrueType)	segoeuisl.ttf
Segoe UI Semilight Italic (TrueType)	seguisli.ttf
Segoe UI Symbol (TrueType)	seguisym.ttf
SimSun & NSimSun (TrueType)	simsun.ttc
SimSun-ExtB (TrueType)	simsunb.ttf
Sitka Small & Sitka Text & Sitka Subheading & Sitka Heading & Sitka Display & Sitka Banner (TrueType)	Sitka.ttc
Sitka Small Bold & Sitka Text Bold & Sitka Subheading Bold & Sitka Heading Bold & Sitka Display Bold & Sitka Banner Bold (TrueType)	SitkaB.ttc
Sitka Small Bold Italic & Sitka Text Bold Italic & Sitka Subheading Bold Italic & Sitka Heading Bold Italic & Sitka Display Bold Italic & Sitka Banner Bold Italic (TrueType)	SitkaZ.ttc
Sitka Small Italic & Sitka Text Italic & Sitka Subheading Italic & Sitka Heading Italic & Sitka Display Italic & Sitka Banner Italic (TrueType)	SitkaI.ttc
Sylfaen (TrueType)	sylfaen.ttf
Symbol (TrueType)	symbol.ttf
Tahoma (TrueType)	tahoma.ttf
Tahoma Bold (TrueType)	tahomabd.ttf
Times New Roman (TrueType)	times.ttf
Times New Roman Bold (TrueType)	timesbd.ttf
Times New Roman Bold Italic (TrueType)	timesbi.ttf
Times New Roman Italic (TrueType)	timesi.ttf
Trebuchet MS (TrueType)	trebuc.ttf
Trebuchet MS Bold (TrueType)	trebucbd.ttf
Trebuchet MS Bold Italic (TrueType)	trebucbi.ttf
Trebuchet MS Italic (TrueType)	trebucit.ttf
Verdana (TrueType)	verdana.ttf
Verdana Bold (TrueType)	verdanab.ttf
Verdana Bold Italic (TrueType)	verdanaz.ttf
Verdana Italic (TrueType)	verdanai.ttf
Webdings (TrueType)	webdings.ttf
Wingdings (TrueType)	wingding.ttf
Yu Gothic Bold & Yu Gothic UI Semibold & Yu Gothic UI Bold (TrueType)	YuGothB.ttc
Yu Gothic Light & Yu Gothic UI Light (TrueType)	YuGothL.ttc
Yu Gothic Medium & Yu Gothic UI Regular (TrueType)	YuGothM.ttc
Yu Gothic Regular & Yu Gothic UI Semilight (TrueType)	YuGothR.ttc
Courier 10,12,15	COURE.FON
Courier 10,12,15 (120)	COURF.FON
MS Serif 8,10,12,14,18,24	SERIFE.FON
MS Serif 8,10,12,14,18,24 (120)	SERIFF.FON
MS Sans Serif 8,10,12,14,18,24	SSERIFE.FON
MS Sans Serif 8,10,12,14,18,24 (120)	SSERIFF.FON
Small Fonts	SMALLE.FON
Small Fonts (120)	SMALLF.FON
Batang & BatangChe & Gungsuh & GungsuhChe (TrueType)	batang.ttc
Gulim & GulimChe & Dotum & DotumChe (TrueType)	gulim.ttc
Holo MDL2 Assets (TrueType)	holomdl2.ttf
Agency FB Bold (TrueType)	AGENCYB.TTF
Agency FB (TrueType)	AGENCYR.TTF
Algerian (TrueType)	ALGER.TTF
Book Antiqua Bold (TrueType)	ANTQUAB.TTF
Book Antiqua Bold Italic (TrueType)	ANTQUABI.TTF
Book Antiqua Italic (TrueType)	ANTQUAI.TTF
Arial Narrow (TrueType)	ARIALN.TTF
Arial Narrow Bold (TrueType)	ARIALNB.TTF
Arial Narrow Bold Italic (TrueType)	ARIALNBI.TTF
Arial Narrow Italic (TrueType)	ARIALNI.TTF
Arial Rounded MT Bold (TrueType)	ARLRDBD.TTF
Baskerville Old Face (TrueType)	BASKVILL.TTF
Bauhaus 93 (TrueType)	BAUHS93.TTF
Bell MT (TrueType)	BELL.TTF
Bell MT Bold (TrueType)	BELLB.TTF
Bell MT Italic (TrueType)	BELLI.TTF
Bernard MT Condensed (TrueType)	BERNHC.TTF
Book Antiqua (TrueType)	BKANT.TTF
Bodoni MT Bold (TrueType)	BOD_B.TTF
Bodoni MT Bold Italic (TrueType)	BOD_BI.TTF
Bodoni MT Black Italic (TrueType)	BOD_BLAI.TTF
Bodoni MT Black (TrueType)	BOD_BLAR.TTF
Bodoni MT Condensed Bold (TrueType)	BOD_CB.TTF
Bodoni MT Condensed Bold Italic (TrueType)	BOD_CBI.TTF
Bodoni MT Condensed Italic (TrueType)	BOD_CI.TTF
Bodoni MT Condensed (TrueType)	BOD_CR.TTF
Bodoni MT Italic (TrueType)	BOD_I.TTF
Bodoni MT Poster Compressed (TrueType)	BOD_PSTC.TTF
Bodoni MT (TrueType)	BOD_R.TTF
Bookman Old Style (TrueType)	BOOKOS.TTF
Bookman Old Style Bold (TrueType)	BOOKOSB.TTF
Bookman Old Style Bold Italic (TrueType)	BOOKOSBI.TTF
Bookman Old Style Italic (TrueType)	BOOKOSI.TTF
Bradley Hand ITC (TrueType)	BRADHITC.TTF
Britannic Bold (TrueType)	BRITANIC.TTF
Berlin Sans FB Bold (TrueType)	BRLNSB.TTF
Berlin Sans FB Demi Bold (TrueType)	BRLNSDB.TTF
Berlin Sans FB (TrueType)	BRLNSR.TTF
Broadway (TrueType)	BROADW.TTF
Brush Script MT Italic (TrueType)	BRUSHSCI.TTF
Bookshelf Symbol 7 (TrueType)	BSSYM7.TTF
Californian FB Bold (TrueType)	CALIFB.TTF
Californian FB Italic (TrueType)	CALIFI.TTF
Californian FB (TrueType)	CALIFR.TTF
Calisto MT (TrueType)	CALIST.TTF
Calisto MT Bold (TrueType)	CALISTB.TTF
Calisto MT Bold Italic (TrueType)	CALISTBI.TTF
Calisto MT Italic (TrueType)	CALISTI.TTF
Castellar (TrueType)	CASTELAR.TTF
Century Schoolbook (TrueType)	CENSCBK.TTF
Centaur (TrueType)	CENTAUR.TTF
Century (TrueType)	CENTURY.TTF
Chiller (TrueType)	CHILLER.TTF
Colonna MT (TrueType)	COLONNA.TTF
Cooper Black (TrueType)	COOPBL.TTF
Copperplate Gothic Bold (TrueType)	COPRGTB.TTF
Copperplate Gothic Light (TrueType)	COPRGTL.TTF
Curlz MT (TrueType)	CURLZ___.TTF
Dubai Bold (TrueType)	DUBAI-BOLD.TTF
Dubai Light (TrueType)	DUBAI-LIGHT.TTF
Dubai Medium (TrueType)	DUBAI-MEDIUM.TTF
Dubai Regular (TrueType)	DUBAI-REGULAR.TTF
Elephant (TrueType)	ELEPHNT.TTF
Elephant Italic (TrueType)	ELEPHNTI.TTF
Engravers MT (TrueType)	ENGR.TTF
Eras Bold ITC (TrueType)	ERASBD.TTF
Eras Demi ITC (TrueType)	ERASDEMI.TTF
Eras Light ITC (TrueType)	ERASLGHT.TTF
Eras Medium ITC (TrueType)	ERASMD.TTF
Felix Titling (TrueType)	FELIXTI.TTF
Forte (TrueType)	FORTE.TTF
Franklin Gothic Book (TrueType)	FRABK.TTF
Franklin Gothic Book Italic (TrueType)	FRABKIT.TTF
Franklin Gothic Demi (TrueType)	FRADM.TTF
Franklin Gothic Demi Cond (TrueType)	FRADMCN.TTF
Franklin Gothic Demi Italic (TrueType)	FRADMIT.TTF
Franklin Gothic Heavy (TrueType)	FRAHV.TTF
Franklin Gothic Heavy Italic (TrueType)	FRAHVIT.TTF
Franklin Gothic Medium Cond (TrueType)	FRAMDCN.TTF
Freestyle Script (TrueType)	FREESCPT.TTF
French Script MT (TrueType)	FRSCRIPT.TTF
Footlight MT Light (TrueType)	FTLTLT.TTF
Garamond (TrueType)	GARA.TTF
Garamond Bold (TrueType)	GARABD.TTF
Garamond Italic (TrueType)	GARAIT.TTF
Gigi (TrueType)	GIGI.TTF
Gill Sans MT Bold Italic (TrueType)	GILBI___.TTF
Gill Sans MT Bold (TrueType)	GILB____.TTF
Gill Sans MT Condensed (TrueType)	GILC____.TTF
Gill Sans MT Italic (TrueType)	GILI____.TTF
Gill Sans Ultra Bold Condensed (TrueType)	GILLUBCD.TTF
Gill Sans Ultra Bold (TrueType)	GILSANUB.TTF
Gill Sans MT (TrueType)	GIL_____.TTF
Gloucester MT Extra Condensed (TrueType)	GLECB.TTF
Gill Sans MT Ext Condensed Bold (TrueType)	GLSNECB.TTF
Century Gothic (TrueType)	GOTHIC.TTF
Century Gothic Bold (TrueType)	GOTHICB.TTF
Century Gothic Bold Italic (TrueType)	GOTHICBI.TTF
Century Gothic Italic (TrueType)	GOTHICI.TTF
Goudy Old Style (TrueType)	GOUDOS.TTF
Goudy Old Style Bold (TrueType)	GOUDOSB.TTF
Goudy Old Style Italic (TrueType)	GOUDOSI.TTF
Goudy Stout (TrueType)	GOUDYSTO.TTF
HY±×·¡ÇÈM (TrueType)	H2GPRM.TTF
HY±Ã¼­B (TrueType)	H2GSRB.TTF
HY°ß°íµñ (TrueType)	H2GTRE.TTF
HYÁß°íµñ (TrueType)	H2GTRM.TTF
HYÇìµå¶óÀÎM (TrueType)	H2HDRM.TTF
HY°ß¸íÁ¶ (TrueType)	H2MJRE.TTF
HY½Å¸íÁ¶ (TrueType)	H2MJSM.TTF
HY¸ñ°¢ÆÄÀÓB (TrueType)	H2MKPB.TTF
HY¿±¼­L (TrueType)	H2PORL.TTF
HY¿±¼­M (TrueType)	H2PORM.TTF
HY¾èÀº»ù¹°M (TrueType)	H2SA1M.TTF
Harlow Solid Italic (TrueType)	HARLOWSI.TTF
Harrington (TrueType)	HARNGTON.TTF
Haettenschweiler (TrueType)	HATTEN.TTF
ÈÞ¸Õ¿¾Ã¼ (TrueType)	HMFMOLD.TTF
ÈÞ¸ÕÆíÁöÃ¼ (TrueType)	HMFMPYUN.TTF
ÈÞ¸Õ¾Æ¹ÌÃ¼ (TrueType)	HMKMAMI.TTF
ÈÞ¸Õ¸ÅÁ÷Ã¼ (TrueType)	HMKMMAG.TTF
ÈÞ¸ÕµÕ±ÙÇìµå¶óÀÎ (TrueType)	HMKMRHD.TTF
High Tower Text (TrueType)	HTOWERT.TTF
High Tower Text Italic (TrueType)	HTOWERTI.TTF
Imprint MT Shadow (TrueType)	IMPRISHA.TTF
Informal Roman (TrueType)	INFROMAN.TTF
Blackadder ITC (TrueType)	ITCBLKAD.TTF
Edwardian Script ITC (TrueType)	ITCEDSCR.TTF
Kristen ITC (TrueType)	ITCKRIST.TTF
Jokerman (TrueType)	JOKERMAN.TTF
Juice ITC (TrueType)	JUICE___.TTF
Kunstler Script (TrueType)	KUNSTLER.TTF
Wide Latin (TrueType)	LATINWD.TTF
Lucida Bright (TrueType)	LBRITE.TTF
Lucida Calligraphy Italic (TrueType)	LCALLIG.TTF
Lucida Fax Regular (TrueType)	LFAX.TTF
Lucida Fax Demibold (TrueType)	LFAXD.TTF
Lucida Fax Demibold Italic (TrueType)	LFAXDI.TTF
Lucida Fax Italic (TrueType)	LFAXI.TTF
Lucida Handwriting Italic (TrueType)	LHANDW.TTF
Lucida Sans Demibold Roman (TrueType)	LSANSD.TTF
Lucida Sans Demibold Italic (TrueType)	LSANSDI.TTF
Lucida Sans Italic (TrueType)	LSANSI.TTF
Lucida Sans Typewriter Bold Oblique (TrueType)	LTYPEBO.TTF
Lucida Sans Typewriter Oblique (TrueType)	LTYPEO.TTF
Magneto Bold (TrueType)	MAGNETOB.TTF
Maiandra GD (TrueType)	MAIAN.TTF
Matura MT Script Capitals (TrueType)	MATURASC.TTF
Mistral (TrueType)	MISTRAL.TTF
Modern No. 20 (TrueType)	MOD20.TTF
Monotype Corsiva (TrueType)	MTCORSVA.TTF
MT Extra (TrueType)	MTEXTRA.TTF
»õ±¼¸² (TrueType)	NGULIM.TTF
Niagara Engraved (TrueType)	NIAGENG.TTF
Niagara Solid (TrueType)	NIAGSOL.TTF
OCR A Extended (TrueType)	OCRAEXT.TTF
Old English Text MT (TrueType)	OLDENGL.TTF
Onyx (TrueType)	ONYX.TTF
MS Outlook (TrueType)	OUTLOOK.TTF
Palace Script MT (TrueType)	PALSCRI.TTF
Papyrus (TrueType)	PAPYRUS.TTF
Parchment (TrueType)	PARCHM.TTF
Perpetua Bold Italic (TrueType)	PERBI___.TTF
Perpetua Bold (TrueType)	PERB____.TTF
Perpetua Italic (TrueType)	PERI____.TTF
Perpetua Titling MT Bold (TrueType)	PERTIBD.TTF
Perpetua Titling MT Light (TrueType)	PERTILI.TTF
Perpetua (TrueType)	PER_____.TTF
Playbill (TrueType)	PLAYBILL.TTF
Poor Richard (TrueType)	POORICH.TTF
Pristina (TrueType)	PRISTINA.TTF
Rage Italic (TrueType)	RAGE.TTF
Ravie (TrueType)	RAVIE.TTF
MS Reference Sans Serif (TrueType)	REFSAN.TTF
MS Reference Specialty (TrueType)	REFSPCL.TTF
Rockwell Condensed Bold (TrueType)	ROCCB___.TTF
Rockwell Condensed (TrueType)	ROCC____.TTF
Rockwell (TrueType)	ROCK.TTF
Rockwell Bold (TrueType)	ROCKB.TTF
Rockwell Bold Italic (TrueType)	ROCKBI.TTF
Rockwell Extra Bold (TrueType)	ROCKEB.TTF
Rockwell Italic (TrueType)	ROCKI.TTF
Century Schoolbook Bold (TrueType)	SCHLBKB.TTF
Century Schoolbook Bold Italic (TrueType)	SCHLBKBI.TTF
Century Schoolbook Italic (TrueType)	SCHLBKI.TTF
Script MT Bold (TrueType)	SCRIPTBL.TTF
Showcard Gothic (TrueType)	SHOWG.TTF
Snap ITC (TrueType)	SNAP____.TTF
Stencil (TrueType)	STENCIL.TTF
Tw Cen MT Bold Italic (TrueType)	TCBI____.TTF
Tw Cen MT Bold (TrueType)	TCB_____.TTF
Tw Cen MT Condensed Bold (TrueType)	TCCB____.TTF
Tw Cen MT Condensed Extra Bold (TrueType)	TCCEB.TTF
Tw Cen MT Condensed (TrueType)	TCCM____.TTF
Tw Cen MT Italic (TrueType)	TCMI____.TTF
Tw Cen MT (TrueType)	TCM_____.TTF
Tempus Sans ITC (TrueType)	TEMPSITC.TTF
Viner Hand ITC (TrueType)	VINERITC.TTF
Vivaldi Italic (TrueType)	VIVALDII.TTF
Vladimir Script (TrueType)	VLADIMIR.TTF
Wingdings 2 (TrueType)	WINGDNG2.TTF
Wingdings 3 (TrueType)	WINGDNG3.TTF
ÈÞ¸Õ¸ðÀ½T & ÈÞ¸Õ¿¢½ºÆ÷ (TrueType)	HMFMMUEX.TTC
MJemokBatang (TrueType)	MB.TTF
MDotum (TrueType)	MG.TTF
MHunmin (TrueType)	MH.TTF
MGungJeong (TrueType)	MJ.TTF
MJemokGothic (TrueType)	MK.TTF
MGungHeulim (TrueType)	MM.TTF
MSugiJeong (TrueType)	MN.TTF
MSugiHeulim (TrueType)	MP.TTF
MBatang (TrueType)	MT.TTF
HCR Batang ExtB (TrueType)	HANBatangExtB.ttf
HCR Batang ExtB Bold (TrueType)	HANBatangExtBB.ttf
NewJumja (TrueType)	JUMJA.TTF
HyhwpEQ (TrueType)	HYHWPEQ.TTF
HCR Batang (TrueType)	HANBatang.ttf
HCR Batang Bold (TrueType)	HANBatangB.ttf
HCR Batang Ext (TrueType)	HANBatangExt.ttf
HCR Dotum (TrueType)	HANDotum.ttf
HCR Dotum Bold (TrueType)	HANDotumB.ttf
HCR Dotum Ext (TrueType)	HANDotumExt.ttf
TeamViewer14 (TrueType)	teamviewer14.otf
Lucida Bright Demibold (TrueType)	C:\Program Files (x86)\Datasolution\KoreaPlus Statistics\Amos\25\JRE\lib\fonts\LucidaBrightDemiBold.ttf
Lucida Bright Demibold Italic (TrueType)	C:\Program Files (x86)\Datasolution\KoreaPlus Statistics\Amos\25\JRE\lib\fonts\LucidaBrightDemiItalic.ttf
Lucida Bright Italic (TrueType)	C:\Program Files (x86)\Datasolution\KoreaPlus Statistics\Amos\25\JRE\lib\fonts\LucidaBrightItalic.ttf
Lucida Bright Regular (TrueType)	C:\Program Files (x86)\Datasolution\KoreaPlus Statistics\Amos\25\JRE\lib\fonts\LucidaBrightRegular.ttf
Lucida Sans Demibold (TrueType)	C:\Program Files (x86)\Datasolution\KoreaPlus Statistics\Amos\25\JRE\lib\fonts\LucidaSansDemiBold.ttf
Lucida Sans Regular (TrueType)	C:\Program Files (x86)\Datasolution\KoreaPlus Statistics\Amos\25\JRE\lib\fonts\LucidaSansRegular.ttf
Lucida Sans Typewriter Bold (TrueType)	C:\Program Files (x86)\Datasolution\KoreaPlus Statistics\Amos\25\JRE\lib\fonts\LucidaTypewriterBold.ttf
Lucida Sans Typewriter Regular (TrueType)	C:\Program Files (x86)\Datasolution\KoreaPlus Statistics\Amos\25\JRE\lib\fonts\LucidaTypewriterRegular.ttf
³ª´®°íµñ Light (TrueType)	NanumGothicLight.ttf
³ª´®¼Õ±Û¾¾ Ææ (TrueType)	NanumPen.ttf
³ª´®¼Õ±Û¾¾ º× (TrueType)	NanumBrush.ttf
³ª´®¹Ù¸¥°íµñ Light (TrueType)	NanumBarunGothicLight.ttf
³ª´®¹Ù¸¥°íµñ UtraLight (TrueType)	NanumBarunGothicUltraLight.ttf
³ª´®¹Ù¸¥°íµñ (TrueType)	NanumBarunGothic.ttf
³ª´®¹Ù¸¥°íµñ Bold (TrueType)	NanumBarunGothicBold.ttf
³ª´®¹Ù¸¥Ææ (TrueType)	NanumBarunpenR.ttf
³ª´®¹Ù¸¥Ææ Bold (TrueType)	NanumBarunpenB.ttf
³ª´®½ºÄù¾î Light (TrueType)	NanumSquareL.ttf
³ª´®½ºÄù¾î (TrueType)	NanumSquareR.ttf
³ª´®½ºÄù¾î Bold (TrueType)	NanumSquareB.ttf
³ª´®½ºÄù¾î Extra Bold (TrueType)	NanumSquareEB.ttf
³ª´®½ºÄù¾î¶ó¿îµå Bold (TrueType)	NanumSquareRoundB.ttf
³ª´®½ºÄù¾î¶ó¿îµå Extra Bold (TrueType)	NanumSquareRoundEB.ttf
³ª´®½ºÄù¾î¶ó¿îµå Light (TrueType)	NanumSquareRoundL.ttf
³ª´®½ºÄù¾î¶ó¿îµå (TrueType)	NanumSquareRoundR.ttf
	V3Detect.ttf
³ª´®°íµñ (TrueType)	NanumGothic.ttf
³ª´®°íµñ Bold (TrueType)	NanumGothicBold.ttf
³ª´®°íµñ ExtraBold (TrueType)	NanumGothicExtraBold.ttf
³ª´®¸íÁ¶ (TrueType)	NanumMyeongjo.ttf
³ª´®¸íÁ¶ Bold (TrueType)	NanumMyeongjoBold.ttf
³ª´®¸íÁ¶ ExtraBold (TrueType)	NanumMyeongjoExtraBold.ttf


----------FontSubstitutes-----------
Arabic Transparent	Arial
Arabic Transparent Bold	Arial Bold
Arabic Transparent Bold,0	Arial Bold,178
Arabic Transparent,0	Arial,178
Arial Baltic,186	Arial,186
Arial CE,238	Arial,238
Arial CYR,204	Arial,204
Arial Greek,161	Arial,161
Arial TUR,162	Arial,162
Courier New Baltic,186	Courier New,186
Courier New CE,238	Courier New,238
Courier New CYR,204	Courier New,204
Courier New Greek,161	Courier New,161
Courier New TUR,162	Courier New,162
Helv	MS Sans Serif
Helvetica	Arial
MS Shell Dlg 2	Tahoma
Tahoma Armenian	Tahoma
Times	Times New Roman
Times New Roman Baltic,186	Times New Roman,186
Times New Roman CE,238	Times New Roman,238
Times New Roman CYR,204	Times New Roman,204
Times New Roman Greek,161	Times New Roman,161
Times New Roman TUR,162	Times New Roman,162
Tms Rmn	MS Serif
MS Shell Dlg	Microsoft Sans Serif


----------GRE_Initialize-----------
GUIFont.Facename	Gulim


----------Image File Execution Options-----------


----------LanguagePack-----------


----------NetworkCards-----------


----------Perflib-----------


----------Ports-----------
COM1:	9600,n,8,1
COM2:	9600,n,8,1
COM3:	9600,n,8,1
COM4:	9600,n,8,1
FILE:	
LPT1:	
LPT2:	
LPT3:	
PORTPROMPT:	
Ne00:	
Ne01:	
Ne02:	
Ne03:	
Ne04:	
Ne05:	
Ne06:	


----------Print-----------


----------ProfileList-----------
Default	%SystemDrive%\Users\Default
ProfilesDirectory	%SystemDrive%\Users
ProgramData	%SystemDrive%\ProgramData
Public	%SystemDrive%\Users\Public


----------Time Zones-----------
